image,colmap_image_id,width,height,valid_fraction,valid_psnr,valid_l1,comparison
L2PRO/camera_0/1778471306.866887_1.jpg,1,640,1108,0.920767994133574,26.274534497903893,0.027445057407021523,comparison/00_camera_0_1778471306.866887_1.jpg
L2PRO/camera_0/1778471413.300927_0.jpg,865,640,1108,0.7553925992779783,26.46297744204744,0.030383862555027008,comparison/01_camera_0_1778471413.300927_0.jpg
L2PRO/camera_0/1778471446.480387_0.jpg,1340,640,1108,0.9653471908844765,26.561972005304977,0.028955353423953056,comparison/02_camera_0_1778471446.480387_0.jpg
L2PRO/camera_0/1778471498.148401_0.jpg,2065,640,1108,0.7004103677797834,24.912451392980266,0.03543807938694954,comparison/03_camera_0_1778471498.148401_0.jpg
L2PRO/camera_0/1778471562.208772_1.jpg,3026,640,1108,1.0,30.044282505799828,0.020128900185227394,comparison/04_camera_0_1778471562.208772_1.jpg
L2PRO/camera_0/1778471647.555978_3.jpg,4293,640,405,1.0,25.884992845040273,0.034566543996334076,comparison/05_camera_0_1778471647.555978_3.jpg
L2PRO/camera_0/1778471731.604002_1.jpg,5556,640,1108,1.0,23.342031259671316,0.04275998845696449,comparison/06_camera_0_1778471731.604002_1.jpg
L2PRO/camera_0/1778471777.275760_3.jpg,6193,640,405,1.0,25.924710141826374,0.03258178383111954,comparison/07_camera_0_1778471777.275760_3.jpg
L2PRO/camera_0/1778471853.028918_4.jpg,7324,640,405,0.9009452160493827,28.327364205605953,0.02572210133075714,comparison/08_camera_0_1778471853.028918_4.jpg
L2PRO/camera_0/1778471919.387879_4.jpg,8314,640,405,0.8640007716049383,29.90323487389258,0.02128366380929947,comparison/09_camera_0_1778471919.387879_4.jpg
L2PRO/camera_0/1778471995.240991_2.jpg,9417,640,1108,1.0,26.059312606497713,0.030444933101534843,comparison/10_camera_0_1778471995.240991_2.jpg
L2PRO/camera_0/1778472049.307560_4.jpg,10224,640,405,0.8835686728395061,30.7083203030055,0.017447322607040405,comparison/11_camera_0_1778472049.307560_4.jpg
L2PRO/camera_0/1778472102.974381_1.jpg,10996,640,1108,0.9912384363718412,25.071937787680657,0.037664808332920074,comparison/12_camera_0_1778472102.974381_1.jpg
L2PRO/camera_0/1778472185.023657_0.jpg,12210,640,1108,0.9102182987364621,26.98201416147503,0.027294667437672615,comparison/13_camera_0_1778472185.023657_0.jpg
L2PRO/camera_0/1778472241.988438_0.jpg,13055,640,1108,1.0,24.49851519702254,0.033925145864486694,comparison/14_camera_0_1778472241.988438_0.jpg
L2PRO/camera_0/1778472303.450440_1.jpg,13941,640,1108,1.0,23.52876978389087,0.039975475519895554,comparison/15_camera_0_1778472303.450440_1.jpg
L2PRO/camera_0/1778472374.806326_4.jpg,15009,640,405,0.7944637345679012,26.03963630869299,0.027881858870387077,comparison/16_camera_0_1778472374.806326_4.jpg
L2PRO/camera_0/1778472434.269561_4.jpg,15819,640,405,0.8282484567901235,26.111181630702177,0.030357252806425095,comparison/17_camera_0_1778472434.269561_4.jpg
L2PRO/camera_0/1778472500.728481_3.jpg,16763,640,405,1.0,26.94502933188525,0.02983657829463482,comparison/18_camera_0_1778472500.728481_3.jpg
L2PRO/camera_0/1778472547.099807_4.jpg,17454,640,405,0.8979861111111112,29.416630884956113,0.02148633636534214,comparison/19_camera_0_1778472547.099807_4.jpg
L2PRO/camera_0/1778472604.664214_4.jpg,18294,640,405,0.8737114197530864,28.125320166108413,0.02177424542605877,comparison/20_camera_0_1778472604.664214_4.jpg
L2PRO/camera_0/1778472674.720910_3.jpg,19293,640,405,1.0,25.292446838376748,0.03660798817873001,comparison/21_camera_0_1778472674.720910_3.jpg
L2PRO/camera_0/1778472744.577720_3.jpg,20333,640,405,1.0,27.252791924125333,0.028788065537810326,comparison/22_camera_0_1778472744.577720_3.jpg
L2PRO/camera_0/1778472813.635028_1.jpg,21366,640,1108,1.0,25.03310371912585,0.03488706424832344,comparison/23_camera_0_1778472813.635028_1.jpg
L2PRO/camera_0/1778472888.188938_0.jpg,22475,640,1108,0.758169280234657,25.4630982661158,0.03576517105102539,comparison/24_camera_0_1778472888.188938_0.jpg
L2PRO/camera_0/1778472991.225231_4.jpg,23779,640,405,1.0,27.198621786392444,0.02034824714064598,comparison/25_camera_0_1778472991.225231_4.jpg
L2PRO/camera_0/1778473055.985193_0.jpg,24720,640,1108,1.0,22.45477739340258,0.043941568583250046,comparison/26_camera_0_1778473055.985193_0.jpg
L2PRO/camera_0/1778473114.449049_4.jpg,25594,640,405,1.0,28.67579913946129,0.025248689576983452,comparison/27_camera_0_1778473114.449049_4.jpg
L2PRO/camera_0/1778473192.200984_2.jpg,26697,640,1108,1.0,28.990010012337105,0.023635488003492355,comparison/28_camera_0_1778473192.200984_2.jpg
L2PRO/camera_0/1778473239.771572_2.jpg,27407,640,1108,1.0,25.60568666241357,0.03346541151404381,comparison/29_camera_0_1778473239.771572_2.jpg
L2PRO/camera_0/1778473298.235431_3.jpg,28278,640,405,1.0,27.32438599061571,0.029181120917201042,comparison/30_camera_0_1778473298.235431_3.jpg
L2PRO/camera_0/1778473365.493853_4.jpg,29274,640,405,1.0,30.614488647739062,0.019901784136891365,comparison/31_camera_0_1778473365.493853_4.jpg
L2PRO/camera_0/1778473408.267408_4.jpg,29909,640,405,0.9438966049382717,30.259968613120588,0.017335833981633186,comparison/32_camera_0_1778473408.267408_4.jpg
L2PRO/camera_0/1778473462.833676_1.jpg,30721,640,1108,1.0,28.86466091327589,0.023319710046052933,comparison/33_camera_0_1778473462.833676_1.jpg
L2PRO/camera_0/1778473571.466517_0.jpg,32175,640,1108,1.0,26.719370767853256,0.027015630155801773,comparison/34_camera_0_1778473571.466517_0.jpg
L2PRO/camera_0/1778473647.919248_0.jpg,33290,640,1108,1.0,28.7824887288797,0.021591991186141968,comparison/35_camera_0_1778473647.919248_0.jpg
L2PRO/camera_0/1778473724.471923_0.jpg,34375,640,1108,0.9928093975631769,23.84059617800579,0.03772163763642311,comparison/36_camera_0_1778473724.471923_0.jpg
L2PRO/camera_0/1778473780.137507_4.jpg,35209,640,405,0.9621064814814815,27.282193839625673,0.022283418104052544,comparison/37_camera_0_1778473780.137507_4.jpg
L2PRO/camera_0/1778473835.803098_3.jpg,36023,640,405,1.0,28.150900304235865,0.02577740140259266,comparison/38_camera_0_1778473835.803098_3.jpg
L2PRO/camera_0/1778473909.557500_3.jpg,37123,640,405,1.0,26.426495607064382,0.029410837218165398,comparison/39_camera_0_1778473909.557500_3.jpg
L2PRO/camera_0/1778473965.522906_0.jpg,37945,640,1108,0.9645772224729242,27.16749212065774,0.025487106293439865,comparison/40_camera_0_1778473965.522906_0.jpg
L2PRO/camera_0/1778474013.093516_2.jpg,38662,640,1108,1.0,25.68068879194069,0.03404618054628372,comparison/41_camera_0_1778474013.093516_2.jpg
L2PRO/camera_0/1778474090.545621_0.jpg,39820,640,1108,0.9569917644404332,23.815420312104077,0.031333643943071365,comparison/42_camera_0_1778474090.545621_0.jpg
L2PRO/camera_0/1778474143.213063_3.jpg,40573,640,405,1.0,26.022297490882877,0.03480368107557297,comparison/43_camera_0_1778474143.213063_3.jpg
L2PRO/camera_0/1778474197.179695_2.jpg,41277,640,1108,1.0,24.77024334313423,0.03956875577569008,comparison/44_camera_0_1778474197.179695_2.jpg
L2PRO/camera_0/1778474267.736077_4.jpg,42069,640,405,1.0,27.645401505126923,0.025847643613815308,comparison/45_camera_0_1778474267.736077_4.jpg
L2PRO/camera_0/1778474301.914945_4.jpg,42534,640,405,1.0,29.286222775929037,0.022151947021484375,comparison/46_camera_0_1778474301.914945_4.jpg
L2PRO/camera_0/1778474361.278242_1.jpg,43276,640,1108,1.0,25.137018599041685,0.03861653432250023,comparison/47_camera_0_1778474361.278242_1.jpg
L2PRO/camera_0/1778474407.049942_3.jpg,43858,640,405,1.0,25.901575747959154,0.03659594804048538,comparison/48_camera_0_1778474407.049942_3.jpg
L2PRO/camera_0/1778474525.376784_4.jpg,45174,640,405,0.9387962962962964,30.836638864877507,0.019904449582099915,comparison/49_camera_0_1778474525.376784_4.jpg
L2PRO/camera_1/1778471345.742787_1.jpg,45196,640,1108,1.0,27.384284219717664,0.030059274286031723,comparison/50_camera_1_1778471345.742787_1.jpg
L2PRO/camera_1/1778471423.794429_4.jpg,46199,640,405,0.7458989197530864,32.909207627063985,0.015461822971701622,comparison/51_camera_1_1778471423.794429_4.jpg
L2PRO/camera_1/1778471460.371792_0.jpg,46715,640,1108,1.0,26.130434609462654,0.029772842302918434,comparison/52_camera_1_1778471460.371792_0.jpg
L2PRO/camera_1/1778471504.544447_2.jpg,47337,640,1108,0.8880654896209387,26.732444041152057,0.029133809730410576,comparison/53_camera_1_1778471504.544447_2.jpg
L2PRO/camera_1/1778471561.609140_1.jpg,48196,640,1108,1.0,25.320493000541198,0.03496598079800606,comparison/54_camera_1_1778471561.609140_1.jpg
L2PRO/camera_1/1778471637.362284_4.jpg,49324,640,405,0.8968171296296297,29.433417773324898,0.01657724753022194,comparison/55_camera_1_1778471637.362284_4.jpg
L2PRO/camera_1/1778471734.901961_1.jpg,50786,640,1108,1.0,28.576976072314206,0.023022964596748352,comparison/56_camera_1_1778471734.901961_1.jpg
L2PRO/camera_1/1778471788.968527_2.jpg,51547,640,1108,0.8813994810469314,27.448302606865127,0.026816003024578094,comparison/57_camera_1_1778471788.968527_2.jpg
L2PRO/camera_1/1778471881.411367_3.jpg,52928,640,405,1.0,29.310680892171348,0.022290345281362534,comparison/58_camera_1_1778471881.411367_3.jpg
L2PRO/camera_1/1778471972.355136_3.jpg,54258,640,405,1.0,28.477376164415347,0.02478429302573204,comparison/59_camera_1_1778471972.355136_3.jpg
L2PRO/camera_1/1778472038.814042_1.jpg,55241,640,1108,1.0,24.242999344715777,0.03905500844120979,comparison/60_camera_1_1778472038.814042_1.jpg
L2PRO/camera_1/1778472076.990448_3.jpg,55808,640,405,1.0,27.91943424879712,0.025050565600395203,comparison/61_camera_1_1778472076.990448_3.jpg
L2PRO/camera_1/1778472174.530145_0.jpg,57240,640,1108,0.9943465139891696,26.741950737216126,0.026430189609527588,comparison/62_camera_1_1778472174.530145_0.jpg
L2PRO/camera_1/1778472241.088995_3.jpg,58223,640,405,0.9879938271604938,27.569034672930663,0.027168456465005875,comparison/63_camera_1_1778472241.088995_3.jpg
L2PRO/camera_1/1778472287.760141_3.jpg,58883,640,405,1.0,26.392882936875193,0.03103877231478691,comparison/64_camera_1_1778472287.760141_3.jpg
L2PRO/camera_1/1778472383.301074_2.jpg,60312,640,1108,0.8919689192238267,28.141701799255898,0.025177057832479477,comparison/65_camera_1_1778472383.301074_2.jpg
L2PRO/camera_1/1778472444.063506_1.jpg,61106,640,1108,1.0,27.121486032824713,0.02538813278079033,comparison/66_camera_1_1778472444.063506_1.jpg
L2PRO/camera_1/1778472491.734035_2.jpg,61807,640,1108,0.907973262635379,24.522097278727955,0.040021464228630066,comparison/67_camera_1_1778472491.734035_2.jpg
L2PRO/camera_1/1778472552.396542_2.jpg,62712,640,1108,0.8495050203068593,25.394723364288513,0.03582601249217987,comparison/68_camera_1_1778472552.396542_2.jpg
L2PRO/camera_1/1778472629.848649_4.jpg,63844,640,405,0.9970910493827161,32.45618094744042,0.014799791388213634,comparison/69_camera_1_1778472629.848649_4.jpg
L2PRO/camera_1/1778472701.704231_4.jpg,64869,640,405,0.8445254629629629,30.987959964828665,0.018774375319480896,comparison/70_camera_1_1778472701.704231_4.jpg
L2PRO/camera_1/1778472749.574632_1.jpg,65586,640,1108,1.0,29.579523429496625,0.020791711285710335,comparison/71_camera_1_1778472749.574632_1.jpg
L2PRO/camera_1/1778472809.537566_2.jpg,66482,640,1108,0.8449853339350181,26.530511352447142,0.031289711594581604,comparison/72_camera_1_1778472809.537566_2.jpg
L2PRO/camera_1/1778472873.897774_3.jpg,67443,640,405,1.0,31.33695252973009,0.0177167821675539,comparison/73_camera_1_1778472873.897774_3.jpg
L2PRO/camera_1/1778472931.062427_4.jpg,68299,640,405,0.8109837962962962,33.14087597564113,0.013126315549015999,comparison/74_camera_1_1778472931.062427_4.jpg
L2PRO/camera_1/1778473016.809414_3.jpg,69328,640,405,1.0,28.708351321986,0.02367471344769001,comparison/75_camera_1_1778473016.809414_3.jpg
L2PRO/camera_1/1778473086.066594_3.jpg,70348,640,405,1.0,28.27092590052576,0.027181977406144142,comparison/76_camera_1_1778473086.066594_3.jpg
L2PRO/camera_1/1778473154.224458_4.jpg,71354,640,405,1.0,29.392695739518913,0.018210843205451965,comparison/77_camera_1_1778473154.224458_4.jpg
L2PRO/camera_1/1778473223.881396_3.jpg,72353,640,405,1.0,28.11300118781002,0.026778094470500946,comparison/78_camera_1_1778473223.881396_3.jpg
L2PRO/camera_1/1778473283.844326_0.jpg,73240,640,1108,1.0,22.771548807810493,0.04509834945201874,comparison/79_camera_1_1778473283.844326_0.jpg
L2PRO/camera_1/1778473325.618505_3.jpg,73868,640,405,1.0,30.132132836874163,0.021184787154197693,comparison/80_camera_1_1778473325.618505_3.jpg
L2PRO/camera_1/1778473378.885574_4.jpg,74654,640,405,0.9196604938271605,27.879670883595693,0.024779969826340675,comparison/81_camera_1_1778473378.885574_4.jpg
L2PRO/camera_1/1778473438.748567_3.jpg,75543,640,405,1.0,27.18216818959513,0.029182935133576393,comparison/82_camera_1_1778473438.748567_3.jpg
L2PRO/camera_1/1778473536.088392_4.jpg,76864,640,405,1.0,25.562903321058474,0.02848071977496147,comparison/83_camera_1_1778473536.088392_4.jpg
L2PRO/camera_1/1778473593.752736_4.jpg,77659,640,405,1.0,28.619410463127963,0.019224217161536217,comparison/84_camera_1_1778473593.752736_4.jpg
L2PRO/camera_1/1778473669.106151_4.jpg,78764,640,405,0.9715586419753086,31.173321654165555,0.014337875880300999,comparison/85_camera_1_1778473669.106151_4.jpg
L2PRO/camera_1/1778473742.560736_4.jpg,79829,640,405,1.0,29.08056725444608,0.01753205806016922,comparison/86_camera_1_1778473742.560736_4.jpg
L2PRO/camera_1/1778473800.325029_4.jpg,80679,640,405,1.0,33.427559915420666,0.013122959062457085,comparison/87_camera_1_1778473800.325029_4.jpg
L2PRO/camera_1/1778473840.899945_4.jpg,81279,640,405,0.9719097222222223,26.864180936311627,0.02498062141239643,comparison/88_camera_1_1778473840.899945_4.jpg
L2PRO/camera_1/1778473905.260157_2.jpg,82237,640,1108,0.9641189079422383,29.60133231393221,0.019720451906323433,comparison/89_camera_1_1778473905.260157_2.jpg
L2PRO/camera_1/1778473962.924511_2.jpg,83092,640,1108,1.0,25.242825578180174,0.03492319956421852,comparison/90_camera_1_1778473962.924511_2.jpg
L2PRO/camera_1/1778474014.292751_1.jpg,83861,640,1108,1.0,27.36311915069078,0.02728327177464962,comparison/91_camera_1_1778474014.292751_1.jpg
L2PRO/camera_1/1778474085.448769_4.jpg,84929,640,405,0.9927006172839506,29.356813361144628,0.01812969334423542,comparison/92_camera_1_1778474085.448769_4.jpg
L2PRO/camera_1/1778474157.604166_4.jpg,85924,640,405,0.8886381172839506,29.75358422023887,0.02287564054131508,comparison/93_camera_1_1778474157.604166_4.jpg
L2PRO/camera_1/1778474216.767587_3.jpg,86728,640,405,1.0,29.02492684447294,0.024313146248459816,comparison/94_camera_1_1778474216.767587_3.jpg
L2PRO/camera_1/1778474274.132121_4.jpg,87344,640,405,0.5820486111111111,28.206861901422833,0.0226451363414526,comparison/95_camera_1_1778474274.132121_4.jpg
L2PRO/camera_1/1778474312.308521_3.jpg,87873,640,405,1.0,26.252196770672505,0.03166523203253746,comparison/96_camera_1_1778474312.308521_3.jpg
L2PRO/camera_1/1778474378.567545_3.jpg,88653,640,405,1.0,26.999118986347064,0.03210482373833656,comparison/97_camera_1_1778474378.567545_3.jpg
L2PRO/camera_1/1778474429.036350_1.jpg,89316,640,1108,1.0,24.203400425732404,0.04087831452488899,comparison/98_camera_1_1778474429.036350_1.jpg
L2PRO/camera_1/1778474525.376784_0.jpg,90350,640,1108,1.0,28.628492854752118,0.01889565773308277,comparison/99_camera_1_1778474525.376784_0.jpg
